link,ano_lancamento
https://globoplay.globo.com/agora-na-tv/,Ano não encontrado
https://globoplay.globo.com/categorias/novelas/,Ano não encontrado
https://globoplay.globo.com/categorias/series/,Ano não encontrado
https://globoplay.globo.com/categorias/bbb-25/,Ano não encontrado
https://globoplay.globo.com/categorias/esportes/,Ano não encontrado
https://globoplay.globo.com/catalogo/,Ano não encontrado
https://globoplay.globo.com/busca/,Ano não encontrado
https://globoplay.globo.com/tapas-beijos/t/Vc7xtg87sq/,2011
https://globoplay.globo.com/o-mundo-dos-casados/t/Xjpqwjfdx1/,2020
https://globoplay.globo.com/lalola-entre-dois-mundos/t/DW2PFS1t5G/,2024
https://globoplay.globo.com/arcanjo-renegado/t/jqvngb9dQG/,2020
https://globoplay.globo.com/a-grande-familia/t/LXZMGBGCDc/,2001
https://globoplay.globo.com/law-order-svu/t/QmDvhKvtFg/,1999
https://globoplay.globo.com/downton-abbey/t/sFWJLbCKt8/,2010
https://globoplay.globo.com/the-good-doctor-o-bom-doutor/t/kmF21xZbHk/,2017
https://globoplay.globo.com/gabriela/t/86v68krS1n/,2012
https://globoplay.globo.com/grimm/t/1dkT2fRrsF/,2011
https://globoplay.globo.com/todo-mundo-odeia-o-chris/t/tDyxRKNSFp/,2005
https://globoplay.globo.com/origem/t/t89f1QshQP/,2022
https://globoplay.globo.com/chicago-pd-distrito-21/t/Sm7W5PV9rP/,2014
https://globoplay.globo.com/toma-la-da-ca/t/QC2RJcZJG9/,2008
https://globoplay.globo.com/sob-pressao/t/PhQ7Wtzn6C/,2017
https://globoplay.globo.com/havai-cinco-0/t/H2GkKZt6p6/,2010
https://globoplay.globo.com/chicago-med-atendimento-de-emergencia/t/9TVrrTFrw6/,2015
https://globoplay.globo.com/the-equalizer-a-protetora/t/zFbf7YPkKr/,2021
https://globoplay.globo.com/a-mulher-do-diabo/t/wzd1myJ1vG/,2022
https://globoplay.globo.com/mad-maria/t/Y2PbFntSxX/,2005
https://globoplay.globo.com/os-normais/t/sFMW9VLGpR/,2001
https://globoplay.globo.com/reinado/t/2CVHcsYdtX/,2013
https://globoplay.globo.com/vai-que-cola/t/hXPHTQtMbx/,2023
https://globoplay.globo.com/to-de-graca/t/VrRPgjKCDr/,2017
https://globoplay.globo.com/fbi-os-mais-procurados/t/xymQkmcQ8g/,2019
https://globoplay.globo.com/hilda-furacao/t/TWnMsVZR1P/,1998
https://globoplay.globo.com/evil-contatos-sobrenaturais/t/RQrdsnz6RJ/,2019
https://globoplay.globo.com/magnum-pi/t/NfvzLYnqyB/,2018
https://globoplay.globo.com/a-casa-das-sete-mulheres/t/ZsVHhwYMqZ/,2003
https://globoplay.globo.com/os-outros/t/vbN21h5xX1/,2023
https://globoplay.globo.com/justica-2/t/jYMcJmCvvV/,2024
https://globoplay.globo.com/bates-motel/t/R8grTD6DZR/,2013
https://globoplay.globo.com/fbi/t/zWtcvSmmcV/,2018
https://globoplay.globo.com/hospital-new-amsterdam/t/NWBdBQSbZ6/,2018
https://globoplay.globo.com/sessao-de-terapia/t/tKTBtfZdtv/,2012
https://globoplay.globo.com/the-handmaids-tale-o-conto-da-aia/t/QDFNw11dPX/,2017
https://globoplay.globo.com/swat-forca-de-intervencao/t/LhPc7z1Rzt/,2017
https://globoplay.globo.com/a-diarista/t/PbTJ6CgbTc/,Ano não encontrado
https://globoplay.globo.com/chicago-fire/t/2dGSQNqshx/,2012
https://globoplay.globo.com/fallen-luz-e-sombra/t/YzQPBh7vGd/,2024
https://globoplay.globo.com/as-five/t/XNH9T9JnR8/,2020
https://globoplay.globo.com/nancy-drew/t/WQkwx5p2hV/,2019
https://globoplay.globo.com/medium/t/Pvh2VNV5R7/,2007
https://globoplay.globo.com/rensga-hits!/t/qjzrpGwNvf/,2022
https://globoplay.globo.com/sai-de-baixo/t/mC1C7J9Qty/,Ano não encontrado
https://globoplay.globo.com/departure-a-investigacao/t/LsYmcBctHD/,2019
https://globoplay.globo.com/o-jogo-que-mudou-a-historia/t/dYKWzMQpYp/,2024
https://globoplay.globo.com/rubi/t/Sbnb7vWpqk/,2020
https://globoplay.globo.com/la-brea-a-terra-perdida/t/y7rx6P9MjQ/,2021
https://globoplay.globo.com/house/t/G8gLCwkkLr/,2005
https://globoplay.globo.com/ilha-de-ferro/t/ZdCNg87C7p/,2018
https://globoplay.globo.com/justica/t/bzdYvYGfcs/,2016
https://globoplay.globo.com/dragon-ball-z-kai/t/pXRPVRrvN7/,2009
https://globoplay.globo.com/fbi-internacional/t/dczbHLF7pL/,2021
https://globoplay.globo.com/amarras-do-amor/t/HhtzrzrRsq/,2019
https://globoplay.globo.com/turma-da-monica-origens/t/XK8CMXgMMm/,2024
https://globoplay.globo.com/pokemon-a-serie-sol-e-lua/t/FyNkd5knm9/,2016
https://globoplay.globo.com/ncis-hawaii/t/x1vwyCYcmX/,2021
https://globoplay.globo.com/o-tatuador-de-auschwitz/t/LtPRSmpzk1/,2024
https://globoplay.globo.com/pe-na-cova/t/sJXQHZR6ZJ/,2013
https://globoplay.globo.com/a-divisao/t/wDn8QHHyp2/,2019
https://globoplay.globo.com/chapa-quente/t/2JDQzNLwb5/,2015
https://globoplay.globo.com/pokemon-a-serie-sol-e-lua-ultralendas/t/mKhgtFLNHz/,2018
https://globoplay.globo.com/a-formula/t/Rzh6DT88xB/,2017
https://globoplay.globo.com/um-milhao-de-coisas-a-million-little-things/t/MhW9RHqDjf/,2018
https://globoplay.globo.com/pokemon-a-serie-sol-e-lua-ultra-aventuras/t/KVgztSg7ps/,2017
https://globoplay.globo.com/cosme-damiao-quase-santos/t/8cj7KPTFTb/,2024
https://globoplay.globo.com/carcereiros/t/xv2wy6DPSV/,2017
https://globoplay.globo.com/turma-da-monica-a-serie/t/GMkPKKQ8yn/,2022
https://globoplay.globo.com/a-muralha/t/fKG6b2HRzC/,2000
https://globoplay.globo.com/walker/t/kPDbbckVzr/,2021
https://globoplay.globo.com/sob-nova-direcao/t/sjJsTTckGM/,2003
https://globoplay.globo.com/sissi/t/hMprvgZzqy/,2021
https://globoplay.globo.com/fim/t/m7GrpwBpnM/,2023
https://globoplay.globo.com/mary-george/t/hXDvJqPRRk/,2024
https://globoplay.globo.com/o-album-da-grande-familia/t/phNxvcqQTB/,Ano não encontrado
https://globoplay.globo.com/felizes-para-sempre/t/VHjjb79tpT/,2015
https://globoplay.globo.com/transplant-uma-nova-vida/t/RzJ88NMPnw/,2020
https://globoplay.globo.com/memorial-de-maria-moura/t/mJRSsmmGWH/,1994
https://globoplay.globo.com/sem-medo-da-verdade/t/ZjKdqbnh2B/,2018
https://globoplay.globo.com/o-farejador/t/wvWK7qLg5t/,2013
https://globoplay.globo.com/hebe/t/mgCpZCmX6Y/,2019
https://globoplay.globo.com/os-maias/t/bX6sncbCFr/,2001
https://globoplay.globo.com/academia-de-vampiros/t/SzpYDXcpL9/,2021
https://globoplay.globo.com/law-order-crime-organizado/t/dpyTnhZtWx/,2022
https://globoplay.globo.com/a-vila/t/zdqrpWwYhc/,2017
https://globoplay.globo.com/montecristo/t/TpQv7KPd2m/,2023
https://globoplay.globo.com/private-eyes/t/rVdwBPWtXk/,2016
https://globoplay.globo.com/vicky-e-a-musa/t/P2zr9r6KsM/,2023
https://globoplay.globo.com/o-auto-da-compadecida-a-serie/t/C5RbgKhV5L/,1999
https://globoplay.globo.com/rbd-la-familia/t/5pvvp9sL8b/,2007
https://globoplay.globo.com/a-vida-pela-frente/t/6TZBMXG8nr/,2023
https://globoplay.globo.com/law-order/t/KFmkvfVBHz/,2022
https://globoplay.globo.com/segunda-chamada/t/DYpvss7pz5/,2019
https://globoplay.globo.com/desalma/t/wQrprh1cNk/,2020
https://globoplay.globo.com/supermax/t/89jbYjnsWF/,2016
https://globoplay.globo.com/as-aventuras-de-jose-durval/t/7nWG6Mnqh2/,2023
https://globoplay.globo.com/anos-rebeldes/t/Kcjrhk5VfC/,1992
https://globoplay.globo.com/dupla-identidade/t/mcCRZgrVkB/,2014
https://globoplay.globo.com/aquarela-do-brasil/t/891S6Q1BMK/,2000
https://globoplay.globo.com/family-law/t/8R96Y2gVft/,2020
https://globoplay.globo.com/cidade-dos-homens/t/FHBKRzd2Mt/,2017
https://globoplay.globo.com/filhos-da-patria/t/Z5ZMsKjjqq/,2017
https://globoplay.globo.com/riacho-doce/t/sGscd9ywW2/,1990
https://globoplay.globo.com/nada-sera-como-antes/t/5szkv52s1K/,2016
https://globoplay.globo.com/dois-irmaos/t/JZJMXTZ9w8/,2017
https://globoplay.globo.com/chiquinha-gonzaga/t/BCRmfQftXT/,1999
https://globoplay.globo.com/um-so-coracao/t/t9p2nm9KY6/,2004
https://globoplay.globo.com/alemao-os-dois-lados-do-complexo/t/9fkjHGWZCc/,2016
https://globoplay.globo.com/o-cacador/t/pc666HdKrq/,2014
https://globoplay.globo.com/assedio/t/kSYQtwcDsf/,2018
https://globoplay.globo.com/o-quinto-dos-infernos/t/SzVzkKRdnG/,2002
https://globoplay.globo.com/o-misterio-de-midwich/t/tYRtjq6LCs/,2022
https://globoplay.globo.com/xilindro/t/Tdqcqj99nC/,2017
https://globoplay.globo.com/ligacoes-perigosas/t/dLxM2bFdx5/,2016
https://globoplay.globo.com/passaporte-para-liberdade/t/96vwGLZt5b/,2021
https://globoplay.globo.com/os-aspones/t/q6gQn71Hdb/,2004
https://globoplay.globo.com/sandy-junior/t/CnkwT9VqHc/,1999
https://globoplay.globo.com/acampamento-de-magia-para-jovens-bruxos/t/TnLP8nD8Nj/,2023
https://globoplay.globo.com/o-canto-da-sereia/t/BfsNbkdmbB/,2013
https://globoplay.globo.com/stella-blomkvist-investigacao-sem-limites/t/1gS2wFbFtC/,2017
https://globoplay.globo.com/aruanas/t/KjpKbKGkxq/,2019
https://globoplay.globo.com/happy-end-por-tras-da-webcam/t/bZgMvMzsvV/,2021
https://globoplay.globo.com/o-tempo-e-o-vento/t/RSKgnqkHFJ/,1985
https://globoplay.globo.com/todas-as-mulheres-do-mundo/t/Q8BWybfKQc/,2020
https://globoplay.globo.com/ted-a-serie/t/Yc9jqPTjGN/,2024
https://globoplay.globo.com/meu-nome-e-liberdade/t/n9YYXpDsZR/,2015
https://globoplay.globo.com/o-dono-do-lar/t/skwYXXfTH2/,2019
https://globoplay.globo.com/encantado's/t/2LHnHfBfn5/,2022
https://globoplay.globo.com/unidade-basica/t/PFNzjP8cMQ/,2016
https://globoplay.globo.com/a-cura/t/MTnKYKwx6h/,2010
https://globoplay.globo.com/queridos-amigos/t/9jnZwpPJKk/,2008
https://globoplay.globo.com/amores-roubados/t/8XGFXR6jnR/,2014
https://globoplay.globo.com/resident-alien/t/QNyJh57LWP/,2021
https://globoplay.globo.com/cine-holliudy-a-serie/t/PxyrwywLMH/,2019
https://globoplay.globo.com/sex-appeal/t/GgQmsMyr2X/,1993
https://globoplay.globo.com/quantum-leap-contratempos/t/qFSHLh82Ps/,2022
https://globoplay.globo.com/the-bold-type/t/pdmTnYy5KS/,2017
https://globoplay.globo.com/a-teia/t/kNnWqh9QDc/,2014
https://globoplay.globo.com/as-cariocas/t/q6dnnKQzpy/,2010
https://globoplay.globo.com/os-parcas-a-serie/t/pQDX5bT9Rd/,2024
https://globoplay.globo.com/cilada/t/f8hN5ckNvj/,2024
https://globoplay.globo.com/desejo/t/HScfSdtbFg/,1990
https://globoplay.globo.com/coroner/t/pJV7zfMDnQ/,2019
https://globoplay.globo.com/dois-irmaos/t/JZJMXTZ9w8/,2017
https://globoplay.globo.com/shippados/t/wkBg7DwPkn/,2019
https://globoplay.globo.com/mister-brau/t/wqf2f78fVw/,Ano não encontrado
https://globoplay.globo.com/onde-esta-meu-coracao/t/ntx7g9SGCC/,2021
https://globoplay.globo.com/as-brasileiras/t/xkJNZsdmX6/,2012
https://globoplay.globo.com/a-ilha-da-fantasia/t/8n9ZzZZTn6/,2021
https://globoplay.globo.com/maysa-quando-fala-o-coracao/t/8H2ytSGcrM/,2009
https://globoplay.globo.com/doce-de-mae/t/881LYyHzBy/,2012
https://globoplay.globo.com/trickster-o-agente-do-caos/t/RvGYNqWQrP/,2020
https://globoplay.globo.com/irracional-a-ciencia-do-crime/t/6K9n9PVz1N/,2023
https://globoplay.globo.com/a-justiceira/t/PxTCxMtyPr/,1997
https://globoplay.globo.com/rota-66-a-policia-que-mata/t/mYMy5jHd7H/,2022
https://globoplay.globo.com/anos-dourados/t/txrp9kQktq/,1986
https://globoplay.globo.com/poeira-em-alto-mar/t/r2WpsNDn6r/,2008
https://globoplay.globo.com/ricos/t/ng2Gz5y8MK/,2022
https://globoplay.globo.com/totalmente-sem-nocao-demais/t/nQxrjJr2L7/,2016
https://globoplay.globo.com/bel-air/t/mBPjw7MRts/,2022
https://globoplay.globo.com/maes-amor-e-vida/t/q9wKxHfDsv/,2019
https://globoplay.globo.com/suburbia/t/jt9G8zrNYV/,2012
https://globoplay.globo.com/labirinto/t/X5zS7CR6zZ/,1998
https://globoplay.globo.com/o-clube/t/PPCvhNtTDL/,2020
https://globoplay.globo.com/amorteamo/t/dJwTwcW9gR/,2015
https://globoplay.globo.com/alem-da-ilha/t/B7ZRVDgQk6/,2017
https://globoplay.globo.com/spinners-vivendo-no-limite/t/RvsYPXHpvf/,2023
https://globoplay.globo.com/plantao-sem-fim/t/7N96LpMYGC/,2020
https://globoplay.globo.com/as-noivas-de-copacabana/t/XxcPJHZQwB/,1992
https://globoplay.globo.com/the-head-misterio-na-antartida/t/BK2v5YXLzg/,2020
https://globoplay.globo.com/treze-dias-longe-do-sol/t/7sgQ7zTs12/,2018
https://globoplay.globo.com/fair-trade-jogo-sujo/t/ZgS5cxhktY/,2021
https://globoplay.globo.com/os-suburbanos/t/6RfcWWPfDG/,2015
https://globoplay.globo.com/theodosia/t/Nwrbd2CLBd/,2022
https://globoplay.globo.com/baseado-numa-historia-real/t/Q5Z58yY7ts/,2023
https://globoplay.globo.com/unbroken-nada-a-perder/t/KYG8WB7F8f/,2021
https://globoplay.globo.com/segunda-dama/t/VN9Rsztxqp/,2014
https://globoplay.globo.com/rio-connection/t/cgmcQBqVpc/,2023
https://globoplay.globo.com/betinho-no-fio-da-navalha/t/2CpqLtH59h/,2023
https://globoplay.globo.com/catarina-a-grande/t/Xp8zzYfzWm/,2019
https://globoplay.globo.com/passageiros-a-ultima-viagem/t/m7J9CKYvGy/,2020
https://globoplay.globo.com/o-fogo-da-paixao/t/dX1YLqbr7p/,2019
https://globoplay.globo.com/rotas-do-odio/t/vyPyVxGJyy/,2016
https://globoplay.globo.com/amor-e-sorte/t/SGSW2NmBSj/,2020
https://globoplay.globo.com/sob-pressao-plantao-covid/t/TXcvN8Nvz8/,2020
https://globoplay.globo.com/elis-viver-e-melhor-que-sonhar/t/kJwF9X7RGj/,2019
https://globoplay.globo.com/retrato-falado/t/kHbnfnr92C/,2021
https://globoplay.globo.com/eu-a-vo-e-a-boi/t/ZjZ9mRPHjS/,2019
https://globoplay.globo.com/filhas-de-eva/t/c6QnpFWD2H/,2021
https://globoplay.globo.com/louco-por-elas/t/zjXGwV9PLr/,2012
https://globoplay.globo.com/mulher/t/PQWhbbjfqK/,1998
https://globoplay.globo.com/maysa-quando-fala-o-coracao/t/8H2ytSGcrM/,2009
https://globoplay.globo.com/familia-paraiso/t/v6wXmJB1ZT/,2022
https://globoplay.globo.com/perrengue/t/X8hXYTXpQ6/,2017
https://globoplay.globo.com/a-mulher-invisivel/t/WPM55hqnTY/,2011
https://globoplay.globo.com/agosto/t/qh2pXzJY5g/,1993
https://globoplay.globo.com/os-roni/t/Wdz8m5ckwk/,2018
https://globoplay.globo.com/a-acusacao/t/rMdJ2yvyYH/,2020
https://globoplay.globo.com/the-head-2-misterio-em-alto-mar/t/p2TNLTHkQZ/,2020
https://globoplay.globo.com/gold-diggers-luxuria-e-poder/t/HPr6929j5k/,2019
https://globoplay.globo.com/hoje-e-dia-de-maria/t/8dhQgWM596/,2005
https://globoplay.globo.com/sexo-e-as-negas/t/8KBYPrVggS/,2014
https://globoplay.globo.com/baby-e-rose/t/1tC2ZBmBHN/,2018
https://globoplay.globo.com/avenida-paulista/t/FHgDYfbYzy/,1982
https://globoplay.globo.com/toda-forma-de-amor/t/bDCmGbPYtm/,2019
https://globoplay.globo.com/se-eu-fechar-os-olhos-agora/t/JBQs7dZRyb/,2018
https://globoplay.globo.com/a-madona-de-cedro/t/b7Gk2cJxfV/,1994
https://globoplay.globo.com/a-entrega/t/Lxn5QnDjxB/,2018
https://globoplay.globo.com/segredos-medicos/t/7RgJBTX1C9/,2014
https://globoplay.globo.com/as-fabulosas-aventuras-dos-freak-brothers/t/WBKPCpsWbF/,2020
https://globoplay.globo.com/eden/t/QcsD8JS2bS/,2021
https://globoplay.globo.com/macho-man/t/dQcdhgyVH2/,2011
https://globoplay.globo.com/treme-treme/t/W7nbDRtKV1/,2015
https://globoplay.globo.com/dr4g0n/t/JxHzWzbH9n/,2024
https://globoplay.globo.com/diva-a-serie/t/TfjTGqGKWN/,2011
https://globoplay.globo.com/deu-a-louca-no-tempo/t/QgQJg9NBmS/,2009
https://globoplay.globo.com/dough-o-ganha-pao/t/6ZK5vSS6sm/,2021
https://globoplay.globo.com/central-de-bicos/t/65LFfdWmSZ/,2021
https://globoplay.globo.com/padre-cicero/t/2hxzzSj5sW/,1984
https://globoplay.globo.com/cidade-proibida/t/CRh8TGjVKr/,2017
https://globoplay.globo.com/blanca/t/wXCgn7w7gW/,2021
https://globoplay.globo.com/o-diagnostico/t/1Hrs6wzFzj/,2021
https://globoplay.globo.com/malory-towers-escola-para-meninas/t/yhjK27d9y2/,2020
https://globoplay.globo.com/republica/t/sVtvP8WVSq/,1989
https://globoplay.globo.com/os-ultimos-dias-de-gilda/t/7WXmmk21fC/,2020
https://globoplay.globo.com/a-volta-ao-mundo-em-80-dias/t/pYYsrJRFCn/,2021
https://globoplay.globo.com/desventuras-de-amor-em-paris/t/GQrkGDmksq/,2022
https://globoplay.globo.com/amor-de-41/t/hRXCVKKybm/,2017
https://globoplay.globo.com/dercy-de-verdade/t/WjpYLBkS9Y/,2012
https://globoplay.globo.com/supermax-internacional/t/gYJXqJJBrP/,Ano não encontrado
https://globoplay.globo.com/o-clube-das-divorciadas/t/Xq6Qhds2rP/,2019
https://globoplay.globo.com/motel-valkirias/t/DynQ9cNFtr/,2023
https://globoplay.globo.com/diario-de-um-confinado/t/DQ2bh1d1bs/,2020
https://globoplay.globo.com/lara-com-z/t/GyRjVPKTd8/,2011
https://globoplay.globo.com/codex-632/t/xvzGDq5wTR/,2023
https://globoplay.globo.com/guard-dog-bill-plympton-no-brasil/t/9CwgydmKh2/,2025
https://globoplay.globo.com/a-cara-do-pai/t/DHQqD5yxt8/,2016
https://globoplay.globo.com/amor-em-4-atos/t/r5Z71xMZrV/,2011
https://globoplay.globo.com/trair-e-cocar-e-so-comecar/t/h6pH2NdhK6/,2014
https://globoplay.globo.com/anarquistas-gracas-a-deus/t/XTnXPtm26V/,1984
https://globoplay.globo.com/germinal-a-revolucao/t/ZnKYTkWdss/,2021
https://globoplay.globo.com/brasil-a-bordo/t/qhwjznsG6q/,2017
https://globoplay.globo.com/hotel-portofino/t/tCQkF71px9/,2022
https://globoplay.globo.com/nudes/t/kZbVr6hc9w/,2019
https://globoplay.globo.com/meu-passado-me-condena/t/RbTyydvqjz/,Ano não encontrado
https://globoplay.globo.com/decadencia/t/sCF2gmZqkR/,1995
https://globoplay.globo.com/a-lenda-do-mao-de-luva/t/mBLBVhqkFL/,2016
https://globoplay.globo.com/os-segredos-de-anna/t/dvGqXy6xCD/,2021
https://globoplay.globo.com/mundo-em-chamas/t/vTXDmvLPVG/,2019
https://globoplay.globo.com/a-mulher-do-prefeito/t/QGjmFfmzY5/,2013
https://globoplay.globo.com/tocs-de-dalila/t/PYWt8w2cRg/,2016
https://globoplay.globo.com/colonia/t/RGX71ZS8Nn/,2021
https://globoplay.globo.com/fim-do-mundo/t/Ymhrxtf6Jw/,2016
https://globoplay.globo.com/la-garconne-dupla-identidade/t/MCWfxt71Fc/,2020
https://globoplay.globo.com/marta-eva/t/yz6sxW9X9z/,2021
https://globoplay.globo.com/boca-do-lixo/t/kLWbXDwkyw/,1990
https://globoplay.globo.com/joao-sem-deus-a-queda-de-abadiania/t/k9NXm1cZcn/,2023
https://globoplay.globo.com/chacrinha-a-minisserie/t/6CYSXcwBp6/,2019
https://globoplay.globo.com/addicted-vidas-em-recuperacao/t/9dZhLdk2J1/,2018
https://globoplay.globo.com/o-brado-retumbante/t/BKjQbR9BtB/,2012
https://globoplay.globo.com/como-aproveitar-o-fim-do-mundo/t/dWrn5kRqzc/,2012
https://globoplay.globo.com/batendo-ponto/t/Yrk91RKX98/,2011
https://globoplay.globo.com/haja-coracao-spin-off/t/G6fmsKSH1F/,Ano não encontrado
https://globoplay.globo.com/malasartes/t/XgHvtHgB9z/,2017
https://globoplay.globo.com/girlsquad/t/PWxMG8Nc7H/,2021
https://globoplay.globo.com/clara-e-o-chuveiro-do-tempo/t/WH1G8V1PJV/,2005
https://globoplay.globo.com/pais-de-primeira/t/QstBSxd1dv/,2018
https://globoplay.globo.com/vade-retro/t/XCsQ7TdcKx/,2017
https://globoplay.globo.com/procurando-casseta-planeta/t/CVxZf5wZkZ/,2016
https://globoplay.globo.com/historias-quase-verdadeiras/t/wkx81Dy9X2/,2023
https://globoplay.globo.com/moinhos-de-vento/t/Wy2DbJy1PM/,1983
https://globoplay.globo.com/chabadabada/t/JbKSVTQFqV/,2024
https://globoplay.globo.com/eu-so-quero-amar/t/MYsWm9LNCR/,2016
https://globoplay.globo.com/minha-bailarina/t/rHhnZdJfNf/,2021
https://globoplay.globo.com/supermax-pordentro/t/rwqTQYLf7d/,2016
https://globoplay.globo.com/mais-x-favela/t/dVfvcFpF6c/,2011
https://globoplay.globo.com/som-furia/t/PPBfgpfngR/,2009
https://globoplay.globo.com/a-terra-dos-meninos-pelados/t/cX9GsDzFc7/,2003
https://globoplay.globo.com/lopera-nos-bastidores-do-bale/t/Rbjs2hqzWX/,2021
https://globoplay.globo.com/homens-de-bem/t/pTtdMyWbgv/,2011
https://globoplay.globo.com/os-experientes/t/7BKhBPKzgb/,2015
https://globoplay.globo.com/sampa/t/vckKmzscYf/,1989
https://globoplay.globo.com/tem-que-suar/t/J2tYpZ8sTm/,2023
https://globoplay.globo.com/o-relogio-da-aventura/t/mc1DFJkg1T/,2010
https://globoplay.globo.com/angeli-the-killer/t/hYrMdLbfdB/,2021
https://globoplay.globo.com/o-pequeno-alquimista/t/yYrR1XHnkb/,2004
https://globoplay.globo.com/o-dentista-mascarado/t/kMZ8qRbntx/,2013
https://globoplay.globo.com/o-dilema-de-suzie/t/rcVbG9MJtm/,2020
https://globoplay.globo.com/no-ano-que-vem/t/cqJtfk8YDV/,2024
https://globoplay.globo.com/perdido/t/LdPGZrK5zN/,2020
https://globoplay.globo.com/dates-likes-ladrilhos/t/5KSwmDQY9B/,2022
https://globoplay.globo.com/necropolis/t/pbHrtJD68C/,2019
https://globoplay.globo.com/noturnos/t/WZ2g5B26wx/,Ano não encontrado
https://globoplay.globo.com/chao-de-estrelas/t/kh7c82XZDJ/,2021
https://globoplay.globo.com/nelson-por-ele-mesmo/t/GrbvXYYzCq/,2017
https://globoplay.globo.com/10-segundos-para-vencer-a-serie/t/2FB5w2h9Zf/,2019
https://globoplay.globo.com/suite-magnolia/t/XRbmH51czB/,2024
https://globoplay.globo.com/baile-de-mascaras/t/tXCSCVnWs9/,2018
https://globoplay.globo.com/noticias-populares/t/wmpNGZWNTc/,2023
https://globoplay.globo.com/ferias-em-familia/t/XryQtY1h7z/,2019
https://globoplay.globo.com/lama-dos-dias/t/ymgK8W1mFF/,2018
https://globoplay.globo.com/a-generala/t/cM229nSKgh/,2020
https://globoplay.globo.com/segredos-de-justica/t/j5XjjhRhs5/,2016
https://globoplay.globo.com/juntos-a-magia-acontece/t/JRyDZqt8tC/,2019
